supplier_id,supplier_name
S-ALPHA,Alpha Components LLC
S-002,AeroDyne Systems
S-003,North Ridge Avionics
S-004,Falcon Edge Electronics
S-005,Summit Materials Group
S-006,Ironwood Precision
S-007,Blue Harbor Technologies
S-008,Highline Power Systems
S-009,Meridian RF Labs
S-010,Vector Dynamics
S-011,Ridgeview Controls
S-012,Polaris Thermal
S-013,Cascade Microdevices
S-014,Granite Peak Manufacturing
S-015,Harborlight Optics
S-016,Silverline Systems
S-017,Redwood Defense Solutions
S-018,Atlas Motion
S-019,Clearwater Circuits
S-020,Frontier Signal
S-021,Stonebridge Engineering
S-022,Arcturus Instruments
S-023,Ironclad Components
S-024,Lakeside Manufacturing
S-025,Beacon Hill Electronics
S-026,Sierra Matrix
S-027,Northstar Fabrication
S-028,Vantage Microsystems
S-029,Orion Test Labs
S-030,Keystone Integrations
